,0,Actual,RM,FUS
0,1.0,1,1,1
1,1.0,1,1,1
2,1.0,1,1,1
3,1.0,1,1,1
4,1.0,1,1,1
5,1.0,1,1,1
6,1.0,1,1,1
7,1.0,1,1,1
8,0.0,0,0,0
9,1.0,1,1,1
10,1.0,1,1,1
11,1.0,1,1,1
12,1.0,1,1,1
13,1.0,1,1,1
14,1.0,1,1,1
15,1.0,1,1,1
16,1.0,1,1,1
17,0.0,0,0,0
18,0.0,0,0,0
19,0.0,0,0,0
20,0.0,0,0,0
21,0.0,0,0,0
22,1.0,1,1,1
23,1.0,1,1,1
24,1.0,1,1,1
25,1.0,1,1,1
26,0.0,0,0,0
27,0.0,0,0,0
28,0.0,0,0,0
29,0.0,0,0,0
30,0.0,0,0,0
31,0.0,0,0,0
32,0.0,0,0,0
33,0.0,0,0,0
34,0.0,0,0,0
35,0.0,0,0,0
36,0.0,0,0,0
37,0.0,0,0,0
38,0.0,0,0,0
39,0.0,0,0,0
40,0.0,0,0,0
41,1.0,1,1,1
42,0.0,0,0,0
43,0.0,0,0,0
44,0.0,0,0,0
45,0.0,0,0,0
46,0.0,0,0,0
47,1.0,1,1,1
48,1.0,1,1,1
49,1.0,1,1,1
50,0.5093751650557229,0,1,0
51,1.0,1,1,1
52,1.0,1,1,1
53,1.0,1,1,1
54,1.0,1,1,1
55,1.0,1,1,1
56,1.0,1,1,1
57,1.0,1,1,1
58,1.0,1,1,1
59,1.0,1,1,1
60,1.0,1,1,1
61,1.0,1,1,1
62,1.0,1,1,1
63,1.0,1,1,1
64,1.0,1,1,1
65,0.0,0,0,0
66,0.0,0,0,0
67,0.0,0,0,0
68,1.0,1,1,1
69,0.5093751650557229,1,1,0
70,1.0,1,1,1
71,0.5093751650557229,1,1,0
72,1.0,1,1,1
73,0.5093751650557229,1,1,0
74,0.0,0,0,0
75,0.0,0,0,0
76,0.0,0,0,0
77,1.0,1,1,1
78,0.5093751650557229,1,1,0
79,1.0,1,1,1
80,1.0,1,1,1
81,0.49062483494427717,1,0,1
82,0.0,1,0,0
83,0.0,1,0,0
84,0.0,1,0,0
85,0.0,0,0,0
86,1.0,1,1,1
87,1.0,1,1,1
88,1.0,1,1,1
89,1.0,1,1,1
90,0.0,0,0,0
91,1.0,1,1,1
92,0.0,0,0,0
93,0.0,0,0,0
94,1.0,1,1,1
95,1.0,1,1,1
96,1.0,1,1,1
97,0.0,0,0,0
98,0.0,0,0,0
99,0.0,0,0,0
100,0.0,0,0,0
101,0.0,0,0,0
102,0.0,0,0,0
103,0.0,0,0,0
104,0.0,0,0,0
105,0.0,0,0,0
106,0.0,0,0,0
107,0.0,0,0,0
108,0.0,0,0,0
109,1.0,1,1,1
110,1.0,1,1,1
111,1.0,1,1,1
112,1.0,1,1,1
113,1.0,1,1,1
114,1.0,1,1,1
115,1.0,1,1,1
116,0.5093751650557229,1,1,0
117,0.0,0,0,0
118,0.0,0,0,0
119,0.0,0,0,0
120,0.0,0,0,0
121,0.0,0,0,0
122,0.0,0,0,0
123,1.0,1,1,1
124,0.0,0,0,0
125,1.0,1,1,1
126,1.0,1,1,1
127,1.0,1,1,1
128,0.0,0,0,0
129,0.0,0,0,0
130,0.0,0,0,0
131,1.0,1,1,1
132,0.0,0,0,0
133,0.0,0,0,0
134,0.0,0,0,0
135,1.0,1,1,1
136,0.5093751650557229,1,1,0
137,1.0,1,1,1
138,0.0,0,0,0
139,0.0,0,0,0
140,1.0,1,1,1
141,1.0,1,1,1
142,0.5093751650557229,1,1,0
143,0.5093751650557229,1,1,0
144,0.0,0,0,0
145,0.0,0,0,0
146,1.0,1,1,1
147,1.0,1,1,1
148,1.0,1,1,1
149,1.0,1,1,1
150,0.0,0,0,0
151,0.0,0,0,0
152,0.0,0,0,0
153,0.0,0,0,0
154,0.0,0,0,0
155,0.0,0,0,0
156,1.0,1,1,1
157,1.0,1,1,1
158,1.0,1,1,1
159,1.0,1,1,1
160,0.0,0,0,0
161,0.0,0,0,0
162,1.0,1,1,1
163,1.0,1,1,1
164,0.5093751650557229,1,1,0
165,0.5093751650557229,1,1,0
166,1.0,1,1,1
167,0.0,0,0,0
168,1.0,0,1,1
169,0.0,0,0,0
170,0.0,0,0,0
171,0.0,0,0,0
172,0.0,0,0,0
173,0.0,0,0,0
174,0.0,0,0,0
175,0.0,0,0,0
176,0.0,0,0,0
177,0.0,0,0,0
178,1.0,1,1,1
179,1.0,1,1,1
180,1.0,1,1,1
181,1.0,1,1,1
182,1.0,1,1,1
183,1.0,1,1,1
184,1.0,1,1,1
185,0.0,0,0,0
186,1.0,1,1,1
187,1.0,1,1,1
188,1.0,1,1,1
189,1.0,1,1,1
190,0.0,0,0,0
191,1.0,1,1,1
192,1.0,1,1,1
193,1.0,1,1,1
194,1.0,1,1,1
195,1.0,1,1,1
196,1.0,1,1,1
197,1.0,1,1,1
198,0.5093751650557229,1,1,0
199,1.0,1,1,1
200,1.0,1,1,1
201,0.0,0,0,0
202,0.0,0,0,0
203,1.0,1,1,1
204,0.0,0,0,0
205,0.5093751650557229,1,1,0
206,1.0,1,1,1
207,1.0,1,1,1
208,1.0,1,1,1
209,1.0,1,1,1
210,0.5093751650557229,1,1,0
211,1.0,1,1,1
212,1.0,1,1,1
213,1.0,1,1,1
214,1.0,1,1,1
215,1.0,1,1,1
216,1.0,1,1,1
217,1.0,1,1,1
218,1.0,1,1,1
219,0.0,0,0,0
220,1.0,1,1,1
221,1.0,1,1,1
222,1.0,1,1,1
223,1.0,1,1,1
224,1.0,1,1,1
225,1.0,1,1,1
226,1.0,1,1,1
227,1.0,1,1,1
228,1.0,1,1,1
229,1.0,1,1,1
230,1.0,1,1,1
231,1.0,1,1,1
232,1.0,1,1,1
233,1.0,1,1,1
234,1.0,1,1,1
235,1.0,1,1,1
236,0.5093751650557229,1,1,0
237,0.5093751650557229,1,1,0
238,1.0,1,1,1
239,1.0,1,1,1
240,1.0,1,1,1
241,1.0,1,1,1
242,1.0,1,1,1
243,1.0,1,1,1
244,1.0,1,1,1
245,0.5093751650557229,1,1,0
246,1.0,1,1,1
247,1.0,1,1,1
248,1.0,1,1,1
249,1.0,1,1,1
250,0.5093751650557229,1,1,0
251,1.0,1,1,1
252,0.0,0,0,0
253,0.0,0,0,0
254,0.0,0,0,0
255,0.0,0,0,0
256,1.0,1,1,1
257,1.0,1,1,1
258,1.0,1,1,1
259,0.0,0,0,0
260,1.0,1,1,1
261,1.0,1,1,1
262,1.0,1,1,1
263,1.0,1,1,1
264,0.5093751650557229,1,1,0
265,1.0,1,1,1
266,0.5093751650557229,1,1,0
267,1.0,1,1,1
268,0.0,0,0,0
269,1.0,1,1,1
270,1.0,1,1,1
271,1.0,1,1,1
272,1.0,1,1,1
273,0.5093751650557229,1,1,0
274,1.0,1,1,1
275,1.0,1,1,1
276,0.5093751650557229,1,1,0
277,1.0,1,1,1
278,1.0,1,1,1
279,0.5093751650557229,1,1,0
280,1.0,1,1,1
281,1.0,1,1,1
282,0.0,0,0,0
283,0.0,0,0,0
284,0.0,0,0,0
285,1.0,1,1,1
286,1.0,1,1,1
287,1.0,1,1,1
288,0.0,0,0,0
289,0.0,0,0,0
290,1.0,1,1,1
291,0.0,0,0,0
292,1.0,1,1,1
293,1.0,1,1,1
294,0.5093751650557229,1,1,0
295,0.5093751650557229,1,1,0
296,0.5093751650557229,1,1,0
297,0.5093751650557229,1,1,0
298,0.5093751650557229,1,1,0
299,0.5093751650557229,1,1,0
300,1.0,1,1,1
301,0.5093751650557229,1,1,0
302,1.0,1,1,1
303,0.0,0,0,0
304,0.0,0,0,0
305,0.0,0,0,0
306,0.0,0,0,0
307,0.0,0,0,0
308,1.0,1,1,1
309,0.5093751650557229,1,1,0
310,0.5093751650557229,1,1,0
311,0.5093751650557229,1,1,0
312,0.0,0,0,0
313,1.0,1,1,1
314,1.0,1,1,1
315,1.0,1,1,1
316,1.0,1,1,1
317,0.0,0,0,0
318,0.0,0,0,0
319,1.0,1,1,1
320,1.0,1,1,1
321,1.0,1,1,1
322,1.0,1,1,1
323,1.0,1,1,1
324,1.0,1,1,1
325,1.0,1,1,1
326,1.0,1,1,1
327,1.0,1,1,1
328,1.0,1,1,1
329,1.0,1,1,1
330,1.0,1,1,1
331,1.0,1,1,1
332,1.0,1,1,1
333,1.0,1,1,1
334,1.0,1,1,1
335,1.0,1,1,1
336,1.0,1,1,1
337,1.0,1,1,1
338,1.0,1,1,1
339,1.0,1,1,1
340,1.0,1,1,1
341,1.0,1,1,1
342,1.0,1,1,1
343,0.0,0,0,0
344,0.0,0,0,0
345,1.0,1,1,1
346,1.0,1,1,1
347,1.0,1,1,1
348,1.0,1,1,1
349,0.0,0,0,0
350,0.0,0,0,0
351,0.0,0,0,0
352,1.0,1,1,1
353,1.0,1,1,1
354,1.0,1,1,1
355,1.0,1,1,1
356,0.0,0,0,0
357,0.0,0,0,0
358,0.0,0,0,0
359,0.0,0,0,0
360,0.0,0,0,0
361,0.0,0,0,0
362,0.0,0,0,0
363,0.0,0,0,0
364,0.0,0,0,0
365,0.0,0,0,0
366,0.0,0,0,0
367,1.0,1,1,1
368,1.0,1,1,1
369,1.0,1,1,1
370,1.0,1,1,1
371,1.0,1,1,1
372,0.0,0,0,0
373,1.0,1,1,1
374,1.0,1,1,1
375,1.0,1,1,1
376,1.0,1,1,1
377,1.0,1,1,1
378,1.0,1,1,1
379,1.0,1,1,1
380,0.0,0,0,0
381,0.0,0,0,0
382,1.0,1,1,1
383,1.0,1,1,1
384,1.0,1,1,1
385,1.0,1,1,1
386,0.0,0,0,0
387,1.0,1,1,1
388,1.0,1,1,1
389,1.0,1,1,1
390,1.0,1,1,1
391,0.0,0,0,0
392,0.0,0,0,0
393,1.0,1,1,1
394,0.5093751650557229,1,1,0
395,1.0,1,1,1
396,0.5093751650557229,1,1,0
397,1.0,1,1,1
398,0.0,0,0,0
399,1.0,1,1,1
400,1.0,1,1,1
401,0.5093751650557229,1,1,0
402,1.0,1,1,1
403,1.0,1,1,1
404,1.0,1,1,1
405,1.0,1,1,1
406,0.0,0,0,0
407,1.0,1,1,1
408,1.0,1,1,1
409,1.0,1,1,1
410,1.0,1,1,1
411,0.0,0,0,0
412,0.0,0,0,0
413,0.0,0,0,0
414,0.0,0,0,0
415,0.0,0,0,0
416,0.0,0,0,0
417,1.0,1,1,1
418,1.0,1,1,1
419,1.0,1,1,1
420,1.0,1,1,1
421,0.5093751650557229,1,1,0
422,1.0,1,1,1
423,1.0,1,1,1
424,1.0,1,1,1
425,0.0,0,0,0
426,0.0,0,0,0
427,0.0,0,0,0
428,0.0,0,0,0
429,0.0,0,0,0
430,0.0,0,0,0
431,0.0,0,0,0
432,0.0,0,0,0
433,0.0,0,0,0
434,0.0,0,0,0
435,0.0,0,0,0
436,0.0,0,0,0
437,0.0,0,0,0
438,0.0,0,0,0
439,0.0,0,0,0
440,0.0,0,0,0
441,0.0,0,0,0
442,0.0,0,0,0
443,1.0,1,1,1
444,1.0,1,1,1
445,0.5093751650557229,1,1,0
446,0.0,1,0,0
447,0.5093751650557229,1,1,0
448,0.5093751650557229,1,1,0
449,1.0,1,1,1
450,1.0,1,1,1
451,0.0,0,0,0
452,0.0,0,0,0
453,1.0,1,1,1
454,0.0,0,0,0
455,0.0,0,0,0
456,0.0,0,0,0
457,0.0,0,0,0
458,0.0,0,0,0
459,0.5093751650557229,1,1,0
460,0.5093751650557229,1,1,0
461,0.5093751650557229,1,1,0
462,0.0,0,0,0
463,1.0,1,1,1
464,1.0,1,1,1
465,0.5093751650557229,1,1,0
466,1.0,1,1,1
467,0.5093751650557229,1,1,0
468,1.0,1,1,1
469,0.5093751650557229,1,1,0
470,1.0,1,1,1
471,1.0,1,1,1
472,1.0,1,1,1
473,1.0,1,1,1
474,1.0,1,1,1
475,1.0,1,1,1
476,1.0,1,1,1
477,1.0,1,1,1
478,1.0,1,1,1
479,1.0,1,1,1
480,1.0,1,1,1
481,1.0,1,1,1
482,1.0,1,1,1
483,0.0,0,0,0
484,0.0,0,0,0
485,0.0,0,0,0
486,0.0,0,0,0
487,0.0,0,0,0
488,0.0,0,0,0
489,0.0,0,0,0
490,0.0,0,0,0
491,0.0,0,0,0
492,1.0,1,1,1
493,1.0,1,1,1
494,1.0,1,1,1
495,1.0,1,1,1
496,0.0,0,0,0
497,1.0,1,1,1
498,1.0,1,1,1
499,0.5093751650557229,1,1,0
500,0.5093751650557229,1,1,0
501,1.0,1,1,1
502,1.0,1,1,1
503,0.5093751650557229,1,1,0
504,1.0,1,1,1
505,0.0,0,0,0
506,1.0,1,1,1
507,0.5093751650557229,1,1,0
508,1.0,1,1,1
509,1.0,1,1,1
510,0.0,0,0,0
511,0.0,0,0,0
512,1.0,1,1,1
513,0.0,1,0,0
514,0.5093751650557229,1,1,0
515,0.5093751650557229,1,1,0
516,0.0,0,0,0
517,0.5093751650557229,1,1,0
518,0.0,0,0,0
519,0.0,0,0,0
520,0.5093751650557229,1,1,0
521,0.5093751650557229,1,1,0
522,0.5093751650557229,1,1,0
523,0.0,0,0,0
524,0.0,0,0,0
525,0.0,0,0,0
526,0.0,0,0,0
527,1.0,1,1,1
528,1.0,1,1,1
529,1.0,1,1,1
530,1.0,1,1,1
531,0.0,0,0,0
532,0.0,0,0,0
533,0.0,0,0,0
534,0.0,0,0,0
535,0.0,0,0,0
536,0.0,0,0,0
537,0.0,0,0,0
538,1.0,1,1,1
539,0.0,0,0,0
540,1.0,1,1,1
541,1.0,1,1,1
542,1.0,1,1,1
543,1.0,1,1,1
544,1.0,1,1,1
545,1.0,1,1,1
546,1.0,1,1,1
547,1.0,1,1,1
548,1.0,1,1,1
549,0.5093751650557229,1,1,0
550,1.0,1,1,1
551,1.0,1,1,1
552,1.0,1,1,1
553,1.0,1,1,1
554,1.0,1,1,1
555,0.0,0,0,0
556,1.0,1,1,1
557,0.0,0,0,0
558,1.0,1,1,1
559,1.0,1,1,1
560,1.0,1,1,1
561,0.0,0,0,0
562,1.0,1,1,1
563,0.0,0,0,0
564,0.0,0,0,0
565,0.0,0,0,0
566,0.0,0,0,0
567,0.0,0,0,0
568,0.5093751650557229,1,1,0
569,1.0,1,1,1
570,0.5093751650557229,1,1,0
571,0.0,0,0,0
572,0.0,0,0,0
573,1.0,1,1,1
574,1.0,1,1,1
575,0.0,0,0,0
576,0.0,0,0,0
577,1.0,1,1,1
578,1.0,1,1,1
579,1.0,1,1,1
580,1.0,1,1,1
581,1.0,1,1,1
582,1.0,1,1,1
583,0.0,0,0,0
584,0.0,0,0,0
585,0.0,0,0,0
586,1.0,1,1,1
587,1.0,1,1,1
588,1.0,1,1,1
589,1.0,1,1,1
590,0.0,0,0,0
591,0.0,0,0,0
592,0.0,0,0,0
593,0.0,0,0,0
594,0.0,0,0,0
595,0.0,0,0,0
596,0.0,0,0,0
597,0.0,0,0,0
598,0.0,0,0,0
599,0.0,0,0,0
600,0.0,0,0,0
601,0.0,0,0,0
602,0.0,0,0,0
603,0.0,0,0,0
604,0.0,0,0,0
605,0.5093751650557229,0,1,0
606,1.0,1,1,1
607,0.0,0,0,0
608,0.0,0,0,0
609,1.0,1,1,1
610,1.0,1,1,1
611,1.0,1,1,1
612,1.0,1,1,1
613,1.0,1,1,1
614,1.0,1,1,1
615,1.0,1,1,1
616,1.0,1,1,1
617,0.5093751650557229,1,1,0
618,1.0,1,1,1
619,1.0,1,1,1
620,1.0,1,1,1
621,1.0,1,1,1
622,1.0,1,1,1
623,1.0,1,1,1
624,0.0,0,0,0
625,0.0,0,0,0
626,0.0,0,0,0
627,0.0,0,0,0
628,1.0,1,1,1
629,1.0,1,1,1
630,1.0,1,1,1
631,1.0,1,1,1
632,1.0,1,1,1
633,1.0,1,1,1
634,1.0,1,1,1
635,1.0,1,1,1
636,1.0,1,1,1
637,1.0,1,1,1
638,1.0,1,1,1
639,1.0,1,1,1
640,1.0,1,1,1
641,0.5093751650557229,1,1,0
642,1.0,1,1,1
643,1.0,1,1,1
644,0.0,0,0,0
645,0.0,0,0,0
646,0.0,0,0,0
647,0.0,0,0,0
648,0.0,0,0,0
649,0.0,0,0,0
650,1.0,1,1,1
651,0.0,1,0,0
652,0.5093751650557229,1,1,0
653,0.0,1,0,0
654,0.0,0,0,0
655,0.0,0,0,0
656,1.0,1,1,1
657,1.0,1,1,1
658,1.0,1,1,1
659,1.0,1,1,1
660,1.0,1,1,1
661,1.0,1,1,1
662,1.0,1,1,1
663,1.0,1,1,1
664,0.0,0,0,0
665,1.0,1,1,1
666,0.0,0,0,0
667,1.0,1,1,1
668,1.0,1,1,1
669,1.0,1,1,1
670,1.0,1,1,1
671,0.0,0,0,0
672,0.0,0,0,0
673,1.0,1,1,1
674,1.0,1,1,1
675,1.0,1,1,1
676,1.0,1,1,1
677,0.5093751650557229,1,1,0
678,0.5093751650557229,1,1,0
679,1.0,1,1,1
680,0.0,0,0,0
681,0.0,0,0,0
682,0.0,0,0,0
683,0.0,0,0,0
684,0.0,0,0,0
685,1.0,1,1,1
686,0.0,0,0,0
687,1.0,1,1,1
688,1.0,1,1,1
689,1.0,1,1,1
690,1.0,1,1,1
691,1.0,1,1,1
692,1.0,1,1,1
693,1.0,1,1,1
694,1.0,1,1,1
695,1.0,1,1,1
696,1.0,1,1,1
697,1.0,1,1,1
698,1.0,1,1,1
699,1.0,1,1,1
700,1.0,1,1,1
701,1.0,1,1,1
702,1.0,1,1,1
703,0.5093751650557229,1,1,0
704,0.5093751650557229,1,1,0
705,1.0,1,1,1
706,0.0,0,0,0
707,1.0,1,1,1
708,0.5093751650557229,1,1,0
709,0.5093751650557229,1,1,0
710,0.5093751650557229,1,1,0
711,1.0,1,1,1
712,0.0,0,0,0
713,1.0,1,1,1
714,1.0,1,1,1
715,1.0,1,1,1
716,1.0,1,1,1
717,1.0,1,1,1
718,1.0,1,1,1
719,1.0,1,1,1
720,0.0,0,0,0
721,0.0,0,0,0
722,1.0,1,1,1
723,1.0,1,1,1
724,1.0,1,1,1
725,0.0,0,0,0
726,0.0,0,0,0
727,1.0,1,1,1
728,1.0,1,1,1
729,0.5093751650557229,1,1,0
730,1.0,1,1,1
731,1.0,1,1,1
732,0.0,1,0,0
733,1.0,1,1,1
734,1.0,1,1,1
735,0.5093751650557229,1,1,0
736,0.0,0,0,0
737,0.0,0,0,0
738,0.0,0,0,0
739,0.0,0,0,0
740,0.0,0,0,0
741,0.0,1,0,0
742,0.0,0,0,0
743,1.0,1,1,1
744,0.0,1,0,0
745,1.0,1,1,1
746,0.0,1,0,0
747,1.0,1,1,1
748,0.0,1,0,0
749,1.0,1,1,1
750,0.0,0,0,0
751,0.0,0,0,0
752,1.0,1,1,1
753,0.0,0,0,0
754,0.0,0,0,0
755,1.0,1,1,1
756,1.0,1,1,1
757,1.0,1,1,1
758,0.0,0,0,0
759,0.0,0,0,0
760,0.0,0,0,0
761,1.0,1,1,1
762,1.0,1,1,1
763,0.5093751650557229,1,1,0
764,1.0,1,1,1
765,0.0,0,0,0
766,0.0,0,0,0
767,1.0,1,1,1
768,1.0,1,1,1
769,1.0,1,1,1
770,1.0,1,1,1
771,1.0,1,1,1
772,1.0,1,1,1
773,1.0,1,1,1
774,1.0,1,1,1
775,1.0,1,1,1
776,1.0,1,1,1
777,1.0,1,1,1
778,1.0,1,1,1
779,1.0,1,1,1
780,1.0,1,1,1
781,1.0,1,1,1
782,1.0,1,1,1
783,0.0,0,0,0
784,0.0,0,0,0
785,0.0,0,0,0
786,0.0,0,0,0
787,0.0,0,0,0
788,0.0,0,0,0
789,1.0,1,1,1
790,1.0,1,1,1
791,1.0,1,1,1
792,1.0,1,1,1
793,0.0,0,0,0
794,1.0,1,1,1
795,0.5093751650557229,0,1,0
796,1.0,1,1,1
797,0.5093751650557229,1,1,0
798,0.5093751650557229,1,1,0
799,1.0,1,1,1
800,1.0,1,1,1
801,1.0,1,1,1
802,1.0,1,1,1
803,1.0,1,1,1
804,1.0,1,1,1
805,1.0,1,1,1
806,0.0,0,0,0
807,1.0,1,1,1
808,0.5093751650557229,1,1,0
809,1.0,1,1,1
810,1.0,1,1,1
811,0.5093751650557229,1,1,0
812,1.0,1,1,1
813,1.0,1,1,1
814,1.0,1,1,1
815,1.0,1,1,1
816,0.0,0,0,0
817,1.0,1,1,1
818,1.0,1,1,1
819,1.0,1,1,1
820,1.0,1,1,1
821,1.0,1,1,1
822,1.0,1,1,1
823,1.0,1,1,1
824,1.0,1,1,1
825,1.0,1,1,1
826,1.0,1,1,1
827,1.0,1,1,1
828,1.0,1,1,1
829,0.0,0,0,0
830,0.0,0,0,0
831,0.0,0,0,0
832,0.0,0,0,0
833,0.0,0,0,0
834,0.0,0,0,0
835,0.0,0,0,0
836,0.0,0,0,0
837,0.0,0,0,0
838,0.0,0,0,0
839,0.0,0,0,0
840,0.0,0,0,0
841,0.0,0,0,0
842,1.0,1,1,1
843,1.0,1,1,1
844,1.0,1,1,1
845,1.0,1,1,1
846,0.0,0,0,0
847,0.0,0,0,0
848,0.0,0,0,0
849,0.0,0,0,0
850,0.0,0,0,0
851,0.0,0,0,0
852,1.0,1,1,1
853,1.0,1,1,1
854,1.0,1,1,1
855,1.0,1,1,1
856,0.0,0,0,0
857,0.0,0,0,0
858,0.0,0,0,0
859,0.0,0,0,0
860,0.0,0,0,0
861,0.0,0,0,0
862,0.0,0,0,0
863,0.0,0,0,0
864,0.0,0,0,0
865,0.0,0,0,0
866,0.0,1,0,0
867,0.0,1,0,0
868,0.0,1,0,0
869,0.0,1,0,0
870,0.0,0,0,0
871,0.0,0,0,0
872,0.0,0,0,0
873,0.0,0,0,0
874,0.0,0,0,0
875,0.0,0,0,0
876,1.0,1,1,1
877,1.0,1,1,1
878,1.0,1,1,1
879,1.0,1,1,1
880,0.0,0,0,0
881,1.0,1,1,1
882,1.0,1,1,1
883,1.0,1,1,1
884,1.0,1,1,1
885,1.0,1,1,1
886,1.0,1,1,1
887,1.0,1,1,1
888,1.0,1,1,1
889,1.0,1,1,1
890,1.0,1,1,1
891,1.0,1,1,1
892,1.0,1,1,1
893,1.0,1,1,1
894,1.0,1,1,1
895,1.0,1,1,1
896,1.0,1,1,1
897,0.0,0,0,0
898,0.0,0,0,0
899,0.0,0,0,0
900,0.0,0,0,0
901,1.0,1,1,1
902,0.0,0,0,0
903,1.0,1,1,1
904,1.0,1,1,1
905,1.0,1,1,1
906,0.0,0,0,0
907,0.0,0,0,0
908,0.0,0,0,0
909,1.0,1,1,1
910,0.5093751650557229,1,1,0
911,0.5093751650557229,1,1,0
912,1.0,1,1,1
913,1.0,1,1,1
914,1.0,1,1,1
915,0.5093751650557229,1,1,0
916,1.0,1,1,1
917,1.0,1,1,1
918,1.0,1,1,1
919,1.0,1,1,1
920,1.0,1,1,1
921,0.0,0,0,0
922,0.0,0,0,0
923,0.0,0,0,0
924,0.0,0,0,0
925,0.0,0,0,0
926,1.0,1,1,1
927,0.0,0,0,0
928,0.0,0,0,0
929,0.0,0,0,0
930,0.0,0,0,0
931,1.0,1,1,1
932,1.0,1,1,1
933,1.0,1,1,1
934,1.0,1,1,1
935,0.0,0,0,0
936,0.0,0,0,0
937,0.0,0,0,0
938,1.0,1,1,1
939,0.5093751650557229,1,1,0
940,1.0,1,1,1
941,0.0,0,0,0
942,1.0,1,1,1
943,1.0,1,1,1
944,1.0,1,1,1
945,1.0,1,1,1
946,0.0,0,0,0
947,1.0,1,1,1
948,1.0,1,1,1
949,1.0,1,1,1
950,1.0,1,1,1
951,0.0,0,0,0
952,0.0,0,0,0
953,0.0,0,0,0
954,0.0,0,0,0
955,0.0,0,0,0
956,1.0,1,1,1
957,0.0,0,0,0
958,0.0,0,0,0
959,0.0,0,0,0
960,0.0,0,0,0
961,0.5093751650557229,1,1,0
962,0.5093751650557229,1,1,0
963,0.5093751650557229,1,1,0
964,0.0,0,0,0
965,0.0,0,0,0
966,0.0,0,0,0
967,1.0,1,1,1
968,1.0,1,1,1
969,1.0,1,1,1
970,1.0,1,1,1
971,0.0,0,0,0
972,0.0,0,0,0
973,0.0,0,0,0
974,0.0,0,0,0
975,1.0,1,1,1
976,0.5093751650557229,1,1,0
977,0.5093751650557229,1,1,0
978,0.5093751650557229,1,1,0
979,1.0,1,1,1
980,0.0,0,0,0
981,1.0,1,1,1
982,1.0,1,1,1
983,1.0,1,1,1
984,0.0,0,0,0
985,0.0,0,0,0
986,0.0,0,0,0
987,0.0,0,0,0
988,0.0,0,0,0
989,0.0,0,0,0
990,0.0,0,0,0
991,0.0,0,0,0
992,0.0,0,0,0
993,0.0,0,0,0
994,0.0,0,0,0
995,0.0,0,0,0
996,0.0,0,0,0
997,0.0,0,0,0
998,0.0,0,0,0
999,0.0,0,0,0
1000,1.0,1,1,1
1001,0.5093751650557229,1,1,0
1002,0.5093751650557229,1,1,0
1003,1.0,1,1,1
1004,0.0,0,0,0
1005,1.0,1,1,1
1006,0.5093751650557229,1,1,0
1007,0.5093751650557229,1,1,0
1008,0.5093751650557229,1,1,0
1009,0.0,0,0,0
1010,0.0,0,0,0
1011,0.0,0,0,0
1012,1.0,0,1,1
1013,1.0,1,1,1
1014,1.0,1,1,1
1015,1.0,1,1,1
1016,1.0,1,1,1
1017,1.0,1,1,1
1018,0.0,0,0,0
1019,0.5093751650557229,1,1,0
1020,1.0,1,1,1
1021,1.0,1,1,1
1022,0.0,0,0,0
1023,0.0,0,0,0
1024,0.0,0,0,0
1025,0.0,0,0,0
1026,0.0,0,0,0
1027,0.0,0,0,0
1028,0.0,0,0,0
1029,0.0,0,0,0
1030,0.0,0,0,0
1031,0.0,0,0,0
1032,0.0,0,0,0
1033,0.5093751650557229,1,1,0
1034,0.5093751650557229,1,1,0
1035,0.0,1,0,0
1036,0.0,1,0,0
1037,0.0,0,0,0
1038,1.0,1,1,1
1039,1.0,1,1,1
1040,0.0,0,0,0
1041,0.0,0,0,0
1042,1.0,1,1,1
1043,1.0,1,1,1
1044,1.0,1,1,1
1045,1.0,1,1,1
1046,1.0,1,1,1
1047,1.0,1,1,1
1048,0.0,0,0,0
1049,0.0,0,0,0
1050,0.0,0,0,0
1051,0.0,0,0,0
1052,0.0,0,0,0
1053,0.0,0,0,0
1054,0.0,0,0,0
1055,0.0,0,0,0
1056,0.0,0,0,0
1057,0.0,0,0,0
1058,0.0,0,0,0
1059,0.0,0,0,0
1060,0.0,0,0,0
1061,0.0,0,0,0
1062,1.0,1,1,1
1063,0.0,0,0,0
1064,1.0,1,1,1
1065,1.0,1,1,1
1066,1.0,1,1,1
1067,1.0,1,1,1
1068,1.0,1,1,1
1069,1.0,1,1,1
1070,1.0,1,1,1
1071,1.0,1,1,1
1072,1.0,1,1,1
1073,1.0,1,1,1
1074,1.0,1,1,1
1075,1.0,1,1,1
1076,1.0,1,1,1
1077,1.0,1,1,1
1078,1.0,1,1,1
1079,1.0,1,1,1
1080,1.0,1,1,1
1081,1.0,1,1,1
1082,1.0,1,1,1
1083,0.0,0,0,0
1084,0.0,0,0,0
1085,1.0,1,1,1
1086,1.0,1,1,1
1087,0.5093751650557229,1,1,0
1088,0.5093751650557229,1,1,0
1089,0.0,0,0,0
1090,0.0,0,0,0
1091,0.0,0,0,0
1092,0.0,0,0,0
1093,1.0,1,1,1
1094,0.0,0,0,0
1095,1.0,1,1,1
1096,1.0,1,1,1
1097,1.0,1,1,1
1098,1.0,1,1,1
1099,0.5093751650557229,1,1,0
1100,0.5093751650557229,1,1,0
1101,0.5093751650557229,1,1,0
1102,0.0,0,0,0
1103,0.0,0,0,0
1104,0.0,0,0,0
1105,0.0,0,0,0
1106,0.0,0,0,0
1107,0.0,0,0,0
1108,1.0,1,1,1
1109,0.0,0,0,0
1110,1.0,1,1,1
1111,1.0,1,1,1
1112,1.0,1,1,1
1113,0.0,0,0,0
1114,0.0,0,0,0
1115,0.0,0,0,0
1116,0.0,0,0,0
1117,0.0,0,0,0
1118,1.0,1,1,1
1119,0.0,0,0,0
1120,0.5093751650557229,1,1,0
1121,0.5093751650557229,1,1,0
1122,0.5093751650557229,1,1,0
1123,1.0,1,1,1
1124,0.5093751650557229,1,1,0
1125,0.5093751650557229,1,1,0
1126,1.0,1,1,1
1127,0.0,0,0,0
1128,1.0,1,1,1
1129,0.5093751650557229,1,1,0
1130,0.5093751650557229,1,1,0
1131,0.5093751650557229,1,1,0
1132,1.0,1,1,1
1133,0.0,0,0,0
1134,1.0,1,1,1
1135,1.0,1,1,1
1136,1.0,1,1,1
1137,1.0,1,1,1
1138,0.0,0,0,0
1139,0.0,1,0,0
1140,1.0,1,1,1
1141,0.0,1,0,0
1142,0.0,0,0,0
1143,0.0,0,0,0
1144,0.0,0,0,0
1145,0.0,0,0,0
1146,0.0,0,0,0
1147,0.0,0,0,0
1148,0.0,0,0,0
1149,0.0,0,0,0
1150,0.0,0,0,0
1151,0.0,0,0,0
1152,0.0,0,0,0
1153,0.0,0,0,0
1154,0.0,0,0,0
1155,0.0,0,0,0
1156,0.0,0,0,0
1157,0.0,0,0,0
1158,0.0,0,0,0
1159,0.0,0,0,0
1160,0.0,0,0,0
1161,0.0,0,0,0
1162,0.0,0,0,0
1163,0.0,0,0,0
1164,0.0,0,0,0
1165,0.0,0,0,0
1166,1.0,1,1,1
1167,1.0,1,1,1
1168,1.0,1,1,1
1169,1.0,1,1,1
1170,0.0,0,0,0
1171,0.0,0,0,0
1172,0.0,0,0,0
1173,0.0,0,0,0
1174,0.0,0,0,0
1175,0.0,0,0,0
1176,0.0,0,0,0
1177,0.0,0,0,0
1178,0.0,0,0,0
1179,0.0,0,0,0
1180,1.0,1,1,1
1181,0.0,0,0,0
1182,1.0,1,1,1
1183,1.0,1,1,1
1184,1.0,1,1,1
1185,1.0,1,1,1
1186,0.0,0,0,0
1187,1.0,1,1,1
1188,1.0,1,1,1
1189,1.0,1,1,1
1190,0.0,0,0,0
1191,1.0,1,1,1
1192,0.0,0,0,0
1193,1.0,1,1,1
1194,1.0,1,1,1
1195,1.0,1,1,1
1196,0.0,0,0,0
1197,0.0,0,0,0
1198,1.0,1,1,1
1199,0.0,0,0,0
1200,0.0,1,0,0
1201,1.0,1,1,1
1202,0.0,1,0,0
1203,0.0,0,0,0
1204,1.0,1,1,1
1205,0.5093751650557229,1,1,0
1206,1.0,1,1,1
1207,0.5093751650557229,1,1,0
1208,0.0,0,0,0
1209,0.0,0,0,0
1210,0.0,0,0,0
1211,1.0,1,1,1
1212,0.5093751650557229,0,1,0
1213,1.0,1,1,1
1214,1.0,1,1,1
1215,1.0,1,1,1
1216,0.0,0,0,0
1217,0.0,0,0,0
1218,0.0,0,0,0
1219,1.0,1,1,1
1220,1.0,1,1,1
1221,1.0,1,1,1
1222,1.0,1,1,1
1223,1.0,1,1,1
1224,1.0,1,1,1
1225,1.0,1,1,1
1226,1.0,1,1,1
1227,0.0,0,0,0
1228,0.0,0,0,0
1229,0.0,0,0,0
1230,0.0,0,0,0
1231,0.0,0,0,0
1232,0.0,0,0,0
1233,0.0,0,0,0
1234,0.0,0,0,0
1235,0.0,0,0,0
1236,0.0,0,0,0
1237,0.0,0,0,0
1238,1.0,1,1,1
1239,0.5093751650557229,1,1,0
1240,0.5093751650557229,1,1,0
1241,1.0,1,1,1
1242,0.0,0,0,0
1243,0.0,0,0,0
1244,0.0,0,0,0
1245,0.0,0,0,0
1246,1.0,1,1,1
1247,0.0,0,0,0
1248,0.0,0,0,0
1249,1.0,1,1,1
1250,0.0,0,0,0
1251,0.0,0,0,0
1252,1.0,1,1,1
1253,1.0,1,1,1
1254,1.0,1,1,1
1255,0.5093751650557229,1,1,0
1256,0.5093751650557229,1,1,0
1257,1.0,1,1,1
1258,0.5093751650557229,1,1,0
1259,1.0,1,1,1
1260,1.0,1,1,1
1261,0.5093751650557229,1,1,0
1262,0.0,0,0,0
1263,0.0,0,0,0
1264,1.0,1,1,1
1265,1.0,1,1,1
1266,1.0,1,1,1
1267,1.0,1,1,1
1268,0.0,0,0,0
1269,0.0,0,0,0
1270,1.0,1,1,1
1271,0.5093751650557229,0,1,0
1272,1.0,1,1,1
1273,0.0,0,0,0
1274,1.0,1,1,1
1275,0.0,0,0,0
1276,1.0,1,1,1
1277,1.0,1,1,1
1278,1.0,1,1,1
1279,1.0,1,1,1
1280,0.5093751650557229,1,1,0
1281,1.0,1,1,1
1282,1.0,1,1,1
1283,0.5093751650557229,1,1,0
1284,1.0,1,1,1
1285,0.0,0,0,0
1286,0.0,0,0,0
1287,0.0,0,0,0
1288,0.0,0,0,0
1289,0.0,0,0,0
1290,0.0,0,0,0
1291,0.0,0,0,0
1292,1.0,1,1,1
1293,1.0,1,1,1
1294,1.0,1,1,1
1295,1.0,1,1,1
1296,0.0,0,0,0
1297,0.0,0,0,0
1298,0.0,0,0,0
1299,0.0,0,0,0
1300,0.0,0,0,0
1301,0.0,0,0,0
1302,0.0,0,0,0
1303,0.0,0,0,0
1304,1.0,1,1,1
1305,1.0,1,1,1
1306,1.0,1,1,1
1307,1.0,1,1,1
1308,1.0,1,1,1
1309,1.0,1,1,1
1310,1.0,1,1,1
1311,1.0,1,1,1
1312,1.0,1,1,1
1313,1.0,1,1,1
1314,1.0,1,1,1
1315,1.0,1,1,1
1316,1.0,1,1,1
1317,1.0,1,1,1
1318,1.0,1,1,1
1319,1.0,1,1,1
1320,1.0,1,1,1
1321,1.0,1,1,1
1322,1.0,1,1,1
1323,1.0,1,1,1
1324,0.0,0,0,0
1325,0.0,0,0,0
1326,0.0,0,0,0
1327,0.0,0,0,0
1328,1.0,1,1,1
1329,0.0,0,0,0
1330,0.0,0,0,0
1331,0.0,0,0,0
1332,0.0,0,0,0
1333,0.0,0,0,0
1334,0.0,0,0,0
1335,1.0,1,1,1
1336,1.0,1,1,1
1337,1.0,1,1,1
1338,0.0,0,0,0
1339,0.0,0,0,0
1340,0.0,0,0,0
1341,0.0,0,0,0
1342,0.0,0,0,0
1343,0.0,0,0,0
1344,1.0,1,1,1
1345,0.0,0,0,0
1346,0.5093751650557229,1,1,0
1347,0.5093751650557229,1,1,0
1348,0.5093751650557229,1,1,0
1349,1.0,1,1,1
1350,0.0,0,0,0
1351,0.0,0,0,0
1352,0.0,0,0,0
1353,0.0,0,0,0
1354,1.0,1,1,1
1355,1.0,1,1,1
1356,1.0,1,1,1
1357,1.0,1,1,1
1358,1.0,1,1,1
1359,1.0,1,1,1
1360,1.0,1,1,1
1361,0.0,0,0,0
1362,0.0,0,0,0
1363,0.0,0,0,0
1364,0.0,0,0,0
1365,1.0,1,1,1
1366,0.5093751650557229,1,1,0
1367,0.5093751650557229,1,1,0
1368,1.0,1,1,1
1369,0.0,0,0,0
1370,0.0,0,0,0
1371,0.0,0,0,0
1372,0.0,0,0,0
1373,0.0,0,0,0
1374,0.0,0,0,0
1375,0.0,0,0,0
1376,1.0,1,1,1
1377,1.0,1,1,1
1378,1.0,1,1,1
1379,1.0,1,1,1
1380,0.0,0,0,0
1381,0.0,0,0,0
1382,0.0,0,0,0
1383,0.0,0,0,0
1384,0.0,0,0,0
1385,1.0,1,1,1
1386,1.0,1,1,1
1387,1.0,1,1,1
1388,1.0,1,1,1
1389,0.0,0,0,0
1390,0.0,0,0,0
1391,0.0,0,0,0
1392,0.0,0,0,0
1393,0.0,0,0,0
1394,0.0,0,0,0
1395,1.0,1,1,1
1396,1.0,1,1,1
1397,1.0,1,1,1
1398,1.0,1,1,1
1399,0.0,0,0,0
1400,0.0,0,0,0
1401,0.0,0,0,0
1402,0.0,0,0,0
1403,0.0,0,0,0
1404,1.0,1,1,1
1405,1.0,1,1,1
1406,1.0,1,1,1
1407,1.0,1,1,1
1408,0.0,0,0,0
1409,0.0,0,0,0
1410,0.0,0,0,0
1411,0.0,0,0,0
1412,1.0,1,1,1
1413,1.0,1,1,1
1414,1.0,1,1,1
1415,1.0,1,1,1
1416,0.0,0,0,0
1417,0.0,0,0,0
1418,0.0,0,0,0
1419,0.0,0,0,0
1420,0.0,0,0,0
1421,0.0,0,0,0
1422,0.0,0,0,0
1423,1.0,1,1,1
1424,1.0,1,1,1
1425,0.5093751650557229,1,1,0
1426,0.5093751650557229,1,1,0
1427,0.0,0,0,0
1428,0.0,0,0,0
1429,1.0,1,1,1
1430,0.0,0,0,0
1431,1.0,1,1,1
1432,1.0,1,1,1
1433,1.0,1,1,1
1434,0.0,0,0,0
1435,0.0,0,0,0
1436,0.0,0,0,0
1437,0.0,0,0,0
1438,0.0,0,0,0
1439,0.0,0,0,0
1440,0.0,0,0,0
1441,0.0,0,0,0
1442,0.0,0,0,0
1443,0.0,0,0,0
1444,0.0,0,0,0
1445,0.0,0,0,0
1446,0.0,0,0,0
1447,1.0,1,1,1
1448,0.0,0,0,0
1449,0.0,0,0,0
1450,0.0,0,0,0
1451,0.0,0,0,0
1452,0.0,0,0,0
1453,0.0,0,0,0
1454,0.0,0,0,0
1455,0.0,0,0,0
1456,0.0,0,0,0
1457,1.0,1,1,1
1458,1.0,1,1,1
1459,1.0,1,1,1
1460,1.0,1,1,1
1461,0.0,0,0,0
1462,0.0,1,0,0
1463,1.0,1,1,1
1464,0.0,1,0,0
1465,0.0,0,0,0
1466,0.0,0,0,0
1467,0.0,0,0,0
1468,1.0,1,1,1
1469,1.0,1,1,1
1470,0.0,0,0,0
1471,0.0,0,0,0
1472,1.0,1,1,1
1473,1.0,1,1,1
1474,1.0,1,1,1
1475,1.0,1,1,1
1476,1.0,1,1,1
1477,1.0,1,1,1
1478,0.0,0,0,0
1479,0.0,0,0,0
1480,0.0,0,0,0
1481,1.0,1,1,1
1482,0.0,0,0,0
1483,1.0,1,1,1
1484,1.0,1,1,1
1485,1.0,1,1,1
1486,1.0,1,1,1
1487,1.0,1,1,1
1488,1.0,1,1,1
1489,1.0,1,1,1
1490,1.0,1,1,1
1491,1.0,1,1,1
1492,0.5093751650557229,1,1,0
1493,1.0,1,1,1
1494,0.5093751650557229,1,1,0
1495,1.0,1,1,1
1496,0.5093751650557229,1,1,0
1497,1.0,1,1,1
1498,0.0,0,0,0
1499,0.0,0,0,0
1500,0.0,0,0,0
1501,1.0,1,1,1
1502,0.0,0,0,0
1503,1.0,1,1,1
1504,1.0,1,1,1
1505,1.0,1,1,1
1506,0.0,0,0,0
1507,0.0,0,0,0
1508,0.0,0,0,0
1509,0.0,0,0,0
1510,0.0,0,0,0
1511,0.0,0,0,0
1512,1.0,1,1,1
1513,0.0,0,0,0
1514,0.0,0,0,0
1515,0.0,0,0,0
1516,0.0,0,0,0
1517,0.0,0,0,0
1518,1.0,1,1,1
1519,1.0,1,1,1
1520,1.0,1,1,1
1521,0.0,0,0,0
1522,1.0,1,1,1
1523,1.0,1,1,1
1524,1.0,1,1,1
1525,1.0,1,1,1
1526,0.0,0,0,0
1527,0.0,0,0,0
1528,0.0,0,0,0
1529,0.0,0,0,0
1530,0.0,0,0,0
1531,0.0,0,0,0
1532,0.0,0,0,0
1533,0.0,0,0,0
1534,1.0,1,1,1
1535,1.0,1,1,1
1536,1.0,1,1,1
1537,1.0,1,1,1
1538,0.0,0,0,0
1539,0.0,0,0,0
1540,0.0,0,0,0
1541,1.0,1,1,1
1542,1.0,1,1,1
1543,0.5093751650557229,1,1,0
1544,1.0,1,1,1
1545,0.5093751650557229,1,1,0
1546,1.0,1,1,1
1547,1.0,1,1,1
1548,1.0,1,1,1
1549,1.0,1,1,1
1550,1.0,1,1,1
1551,1.0,1,1,1
1552,1.0,1,1,1
1553,1.0,1,1,1
1554,1.0,1,1,1
1555,1.0,1,1,1
1556,1.0,1,1,1
1557,1.0,1,1,1
1558,1.0,1,1,1
1559,1.0,1,1,1
1560,1.0,1,1,1
1561,0.0,0,0,0
1562,0.0,0,0,0
1563,0.0,0,0,0
1564,0.0,0,0,0
1565,1.0,1,1,1
1566,0.0,0,0,0
1567,0.0,0,0,0
1568,1.0,1,1,1
1569,1.0,1,1,1
1570,1.0,1,1,1
1571,0.0,0,0,0
1572,1.0,1,1,1
1573,1.0,1,1,1
1574,1.0,1,1,1
1575,1.0,1,1,1
1576,0.0,0,0,0
1577,1.0,1,1,1
1578,0.0,0,0,0
1579,1.0,1,1,1
1580,1.0,1,1,1
1581,1.0,1,1,1
1582,0.0,0,0,0
1583,1.0,1,1,1
1584,1.0,1,1,1
1585,0.5093751650557229,1,1,0
1586,0.5093751650557229,1,1,0
1587,0.0,0,0,0
1588,0.0,0,0,0
1589,0.0,0,0,0
1590,0.0,0,0,0
1591,0.0,0,0,0
1592,1.0,1,1,1
1593,1.0,1,1,1
1594,1.0,1,1,1
1595,1.0,1,1,1
1596,1.0,1,1,1
1597,1.0,1,1,1
1598,1.0,1,1,1
1599,0.0,1,0,0
1600,0.0,0,0,0
1601,1.0,1,1,1
1602,1.0,1,1,1
1603,1.0,1,1,1
1604,1.0,1,1,1
1605,0.0,0,0,0
1606,1.0,1,1,1
1607,1.0,1,1,1
1608,1.0,1,1,1
1609,1.0,1,1,1
1610,0.5093751650557229,1,1,0
1611,0.0,0,0,0
1612,0.0,0,0,0
1613,0.0,0,0,0
1614,0.0,0,0,0
1615,0.0,0,0,0
1616,1.0,1,1,1
1617,1.0,1,1,1
1618,1.0,1,1,1
1619,0.0,0,0,0
1620,0.0,0,0,0
1621,0.0,0,0,0
1622,0.0,0,0,0
1623,0.0,0,0,0
1624,1.0,1,1,1
1625,1.0,1,1,1
1626,0.5093751650557229,1,1,0
1627,1.0,1,1,1
1628,1.0,1,1,1
1629,1.0,1,1,1
1630,1.0,1,1,1
1631,1.0,1,1,1
1632,0.0,0,0,0
1633,0.0,0,0,0
1634,0.0,0,0,0
1635,0.0,0,0,0
1636,0.0,0,0,0
1637,0.0,0,0,0
1638,0.0,0,0,0
1639,0.0,0,0,0
1640,0.0,0,0,0
1641,0.0,0,0,0
1642,0.0,0,0,0
1643,1.0,1,1,1
1644,0.0,0,0,0
1645,1.0,1,1,1
1646,1.0,1,1,1
1647,1.0,1,1,1
1648,1.0,1,1,1
1649,1.0,1,1,1
1650,1.0,1,1,1
1651,1.0,1,1,1
1652,0.0,0,0,0
1653,1.0,1,1,1
1654,0.5093751650557229,1,1,0
1655,0.5093751650557229,1,1,0
1656,1.0,1,1,1
1657,0.0,0,0,0
1658,0.0,0,0,0
1659,0.0,0,0,0
1660,0.0,0,0,0
1661,0.0,0,0,0
1662,1.0,1,1,1
1663,1.0,1,1,1
1664,1.0,1,1,1
1665,1.0,1,1,1
1666,0.0,0,0,0
1667,0.0,0,0,0
1668,1.0,1,1,1
1669,1.0,1,1,1
1670,1.0,1,1,1
1671,1.0,1,1,1
1672,0.0,0,0,0
1673,0.0,0,0,0
1674,1.0,1,1,1
1675,1.0,1,1,1
1676,1.0,1,1,1
1677,1.0,1,1,1
1678,0.0,0,0,0
1679,1.0,1,1,1
1680,1.0,1,1,1
1681,1.0,1,1,1
1682,1.0,1,1,1
1683,0.0,0,0,0
1684,0.0,0,0,0
1685,1.0,1,1,1
1686,0.5093751650557229,1,1,0
1687,0.5093751650557229,1,1,0
1688,0.5093751650557229,1,1,0
1689,1.0,1,1,1
1690,1.0,1,1,1
1691,1.0,1,1,1
1692,1.0,1,1,1
1693,0.5093751650557229,1,1,0
1694,1.0,1,1,1
1695,0.5093751650557229,1,1,0
1696,1.0,1,1,1
1697,0.0,0,0,0
1698,0.0,0,0,0
1699,0.0,0,0,0
1700,0.0,0,0,0
1701,1.0,1,1,1
1702,1.0,1,1,1
1703,1.0,1,1,1
1704,1.0,1,1,1
1705,0.0,0,0,0
1706,1.0,1,1,1
1707,0.0,0,0,0
1708,0.0,0,0,0
1709,1.0,1,1,1
1710,0.5093751650557229,1,1,0
1711,1.0,1,1,1
1712,0.0,0,0,0
1713,1.0,1,1,1
1714,1.0,1,1,1
1715,1.0,1,1,1
1716,1.0,1,1,1
1717,0.0,0,0,0
1718,0.0,0,0,0
1719,1.0,1,1,1
1720,0.0,0,0,0
1721,0.0,0,0,0
1722,1.0,1,1,1
1723,0.5093751650557229,1,1,0
1724,1.0,1,1,1
1725,0.0,0,0,0
1726,1.0,1,1,1
1727,0.0,0,0,0
1728,0.0,0,0,0
1729,1.0,1,1,1
1730,1.0,1,1,1
1731,1.0,1,1,1
1732,1.0,1,1,1
1733,0.0,0,0,0
1734,1.0,1,1,1
1735,1.0,1,1,1
1736,1.0,1,1,1
1737,1.0,1,1,1
1738,1.0,1,1,1
1739,0.0,0,0,0
1740,0.0,0,0,0
1741,1.0,1,1,1
1742,0.5093751650557229,1,1,0
1743,1.0,1,1,1
1744,0.5093751650557229,1,1,0
1745,1.0,1,1,1
1746,1.0,1,1,1
1747,0.0,0,0,0
1748,0.0,0,0,0
1749,0.0,0,0,0
1750,1.0,1,1,1
1751,1.0,1,1,1
1752,1.0,1,1,1
1753,1.0,1,1,1
1754,0.0,0,0,0
1755,0.0,0,0,0
1756,0.0,0,0,0
1757,0.0,0,0,0
1758,0.0,0,0,0
1759,0.0,0,0,0
1760,0.0,0,0,0
1761,0.0,0,0,0
1762,1.0,1,1,1
1763,1.0,1,1,1
1764,1.0,1,1,1
1765,1.0,1,1,1
1766,0.0,0,0,0
1767,1.0,1,1,1
1768,0.0,0,0,0
1769,0.0,0,0,0
1770,0.0,0,0,0
1771,1.0,1,1,1
1772,1.0,1,1,1
1773,1.0,1,1,1
1774,0.0,0,0,0
1775,1.0,1,1,1
1776,0.0,0,0,0
1777,1.0,1,1,1
1778,1.0,1,1,1
1779,1.0,1,1,1
1780,0.0,0,0,0
1781,0.0,0,0,0
1782,0.0,0,0,0
1783,0.0,0,0,0
1784,0.0,0,0,0
1785,0.0,0,0,0
1786,0.0,0,0,0
1787,0.0,0,0,0
1788,0.0,0,0,0
1789,0.0,0,0,0
1790,0.0,1,0,0
1791,1.0,1,1,1
1792,0.0,0,0,0
1793,0.0,0,0,0
1794,0.0,1,0,0
1795,0.5093751650557229,1,1,0
1796,0.0,1,0,0
1797,1.0,1,1,1
1798,0.0,1,0,0
1799,0.5093751650557229,1,1,0
1800,0.0,0,0,0
1801,0.0,0,0,0
1802,0.0,0,0,0
1803,1.0,1,1,1
1804,1.0,1,1,1
1805,0.5093751650557229,1,1,0
1806,0.5093751650557229,1,1,0
1807,0.5093751650557229,1,1,0
1808,0.5093751650557229,1,1,0
1809,1.0,1,1,1
1810,1.0,1,1,1
1811,0.0,0,0,0
1812,1.0,1,1,1
1813,0.0,0,0,0
1814,0.0,0,0,0
1815,0.0,0,0,0
1816,0.0,0,0,0
1817,1.0,1,1,1
1818,1.0,1,1,1
1819,1.0,1,1,1
1820,1.0,1,1,1
1821,1.0,1,1,1
1822,1.0,1,1,1
1823,1.0,1,1,1
1824,0.0,0,0,0
1825,0.0,0,0,0
1826,0.0,0,0,0
1827,0.0,0,0,0
1828,0.0,0,0,0
1829,1.0,1,1,1
1830,1.0,1,1,1
1831,1.0,1,1,1
1832,1.0,1,1,1
1833,0.0,0,0,0
1834,0.0,0,0,0
1835,1.0,1,1,1
1836,1.0,1,1,1
1837,1.0,1,1,1
1838,1.0,1,1,1
1839,0.0,0,0,0
1840,0.0,0,0,0
1841,0.0,0,0,0
1842,0.0,0,0,0
1843,0.0,0,0,0
1844,0.0,0,0,0
1845,1.0,1,1,1
1846,1.0,1,1,1
1847,0.0,0,0,0
1848,1.0,1,1,1
1849,0.0,0,0,0
1850,0.0,0,0,0
1851,0.0,0,0,0
1852,0.0,0,0,0
1853,1.0,1,1,1
1854,1.0,1,1,1
1855,0.5093751650557229,1,1,0
1856,1.0,1,1,1
1857,1.0,1,1,1
1858,1.0,1,1,1
1859,1.0,1,1,1
1860,1.0,1,1,1
1861,1.0,1,1,1
1862,0.0,0,0,0
1863,0.0,0,0,0
1864,0.0,0,0,0
1865,0.0,0,0,0
1866,1.0,1,1,1
1867,0.0,0,0,0
1868,1.0,1,1,1
1869,1.0,1,1,1
1870,0.0,0,0,0
1871,0.0,0,0,0
1872,0.0,0,0,0
1873,0.0,0,0,0
1874,0.0,0,0,0
1875,1.0,1,1,1
1876,1.0,1,1,1
1877,1.0,1,1,1
1878,1.0,1,1,1
1879,1.0,1,1,1
1880,1.0,1,1,1
1881,1.0,1,1,1
1882,1.0,1,1,1
1883,1.0,1,1,1
1884,0.0,0,0,0
1885,0.0,0,0,0
1886,0.0,0,0,0
1887,0.0,0,0,0
1888,0.0,0,0,0
1889,0.0,0,0,0
1890,0.0,0,0,0
1891,0.0,0,0,0
1892,0.0,0,0,0
1893,0.0,0,0,0
1894,0.0,0,0,0
1895,0.0,0,0,0
1896,0.0,0,0,0
1897,1.0,1,1,1
1898,1.0,1,1,1
1899,0.0,0,0,0
1900,1.0,1,1,1
1901,0.5093751650557229,1,1,0
1902,1.0,1,1,1
1903,0.5093751650557229,1,1,0
1904,1.0,1,1,1
1905,0.5093751650557229,1,1,0
1906,0.0,0,0,0
1907,0.0,0,0,0
1908,0.0,0,0,0
1909,0.0,0,0,0
1910,0.0,0,0,0
1911,1.0,1,1,1
1912,0.0,0,0,0
1913,1.0,1,1,1
1914,1.0,1,1,1
1915,1.0,1,1,1
1916,1.0,1,1,1
1917,0.0,0,0,0
1918,1.0,1,1,1
1919,1.0,1,1,1
1920,0.5093751650557229,1,1,0
1921,0.0,0,0,0
1922,0.0,0,0,0
1923,0.0,0,0,0
1924,1.0,1,1,1
1925,0.5093751650557229,1,1,0
1926,0.5093751650557229,1,1,0
1927,0.5093751650557229,1,1,0
1928,1.0,1,1,1
1929,0.0,0,0,0
1930,1.0,1,1,1
1931,1.0,1,1,1
1932,1.0,1,1,1
1933,0.0,0,0,0
1934,0.0,0,0,0
1935,0.0,0,0,0
1936,0.0,0,0,0
1937,0.0,0,0,0
1938,0.0,0,0,0
1939,0.0,0,0,0
1940,0.0,0,0,0
1941,0.0,0,0,0
1942,0.0,0,0,0
1943,0.0,0,0,0
1944,0.0,0,0,0
1945,1.0,1,1,1
1946,1.0,1,1,1
1947,1.0,1,1,1
1948,1.0,1,1,1
1949,1.0,1,1,1
1950,0.0,0,0,0
1951,1.0,1,1,1
1952,1.0,1,1,1
1953,1.0,1,1,1
1954,0.0,0,0,0
1955,0.0,0,0,0
1956,0.0,0,0,0
1957,0.0,0,0,0
1958,0.0,0,0,0
1959,1.0,1,1,1
1960,1.0,1,1,1
1961,1.0,1,1,1
1962,1.0,1,1,1
1963,0.0,0,0,0
1964,0.0,0,0,0
1965,0.0,0,0,0
1966,1.0,1,1,1
1967,0.0,1,0,0
1968,0.0,1,0,0
1969,0.0,1,0,0
1970,0.0,0,0,0
1971,0.0,0,0,0
1972,0.0,0,0,0
1973,0.0,0,0,0
1974,0.5093751650557229,1,1,0
1975,0.5093751650557229,1,1,0
1976,1.0,1,1,1
1977,1.0,1,1,1
1978,0.0,0,0,0
1979,0.0,0,0,0
1980,0.0,0,0,0
1981,0.0,0,0,0
1982,0.0,0,0,0
1983,0.0,0,0,0
1984,0.0,0,0,0
1985,0.0,0,0,0
1986,1.0,1,1,1
1987,0.0,0,0,0
1988,1.0,1,1,1
1989,1.0,1,1,1
1990,0.0,1,0,0
1991,0.5093751650557229,1,1,0
1992,0.5093751650557229,1,1,0
1993,1.0,1,1,1
1994,0.0,1,0,0
1995,0.0,0,0,0
1996,0.0,0,0,0
1997,0.0,0,0,0
1998,0.0,0,0,0
1999,0.0,0,0,0
2000,1.0,1,1,1
2001,1.0,1,1,1
2002,1.0,1,1,1
2003,1.0,1,1,1
2004,0.0,0,0,0
2005,0.0,0,0,0
2006,0.0,0,0,0
2007,0.0,0,0,0
2008,0.0,0,0,0
2009,0.0,0,0,0
2010,0.0,0,0,0
2011,0.0,0,0,0
2012,1.0,1,1,1
2013,0.0,0,0,0
2014,0.0,0,0,0
2015,0.0,0,0,0
2016,0.0,0,0,0
2017,1.0,1,1,1
2018,1.0,1,1,1
2019,1.0,1,1,1
2020,0.0,0,0,0
2021,0.0,0,0,0
2022,0.0,0,0,0
2023,0.0,0,0,0
2024,0.0,0,0,0
2025,0.0,0,0,0
2026,1.0,1,1,1
2027,0.0,0,0,0
2028,0.0,0,0,0
2029,0.0,0,0,0
2030,1.0,1,1,1
2031,1.0,1,1,1
2032,1.0,1,1,1
2033,0.0,0,0,0
2034,0.0,0,0,0
2035,0.0,0,0,0
2036,1.0,1,1,1
2037,0.0,0,0,0
2038,0.0,0,0,0
2039,1.0,1,1,1
2040,1.0,1,1,1
2041,1.0,1,1,1
2042,0.0,0,0,0
2043,0.0,0,0,0
2044,0.0,0,0,0
2045,0.0,0,0,0
2046,0.0,0,0,0
2047,0.0,0,0,0
2048,0.0,0,0,0
2049,0.0,0,0,0
2050,0.0,0,0,0
2051,0.0,0,0,0
2052,0.0,0,0,0
2053,0.0,0,0,0
2054,0.0,0,0,0
2055,0.0,0,0,0
2056,0.0,0,0,0
2057,0.0,0,0,0
2058,0.0,0,0,0
2059,0.0,0,0,0
2060,1.0,1,1,1
2061,0.5093751650557229,1,1,0
2062,0.5093751650557229,1,1,0
2063,0.5093751650557229,1,1,0
2064,1.0,1,1,1
2065,0.5093751650557229,1,1,0
2066,1.0,1,1,1
2067,0.5093751650557229,1,1,0
2068,0.0,0,0,0
2069,0.0,0,0,0
2070,0.0,0,0,0
2071,0.0,0,0,0
2072,1.0,1,1,1
2073,0.0,0,0,0
2074,1.0,1,1,1
2075,1.0,1,1,1
2076,1.0,1,1,1
2077,1.0,1,1,1
2078,1.0,1,1,1
2079,1.0,1,1,1
2080,1.0,1,1,1
2081,0.0,0,0,0
2082,0.0,0,0,0
2083,0.0,0,0,0
2084,0.0,0,0,0
2085,1.0,1,1,1
2086,0.0,0,0,0
2087,1.0,1,1,1
2088,1.0,1,1,1
2089,1.0,1,1,1
2090,0.0,0,0,0
2091,0.0,0,0,0
2092,0.0,0,0,0
2093,0.0,0,0,0
2094,0.0,0,0,0
2095,0.0,0,0,0
2096,0.0,0,0,0
2097,1.0,1,1,1
2098,0.0,0,0,0
2099,0.0,0,0,0
2100,0.0,0,0,0
2101,1.0,1,1,1
2102,0.0,0,0,0
2103,0.0,0,0,0
2104,0.0,0,0,0
2105,1.0,1,1,1
2106,0.0,1,0,0
2107,1.0,1,1,1
2108,0.5093751650557229,1,1,0
2109,1.0,1,1,1
2110,0.0,1,0,0
2111,0.0,0,0,0
2112,0.0,0,0,0
2113,0.0,0,0,0
2114,0.0,0,0,0
2115,0.0,0,0,0
2116,0.0,0,0,0
2117,0.0,0,0,0
2118,0.0,0,0,0
2119,0.0,0,0,0
2120,1.0,1,1,1
2121,0.0,0,0,0
2122,0.0,0,0,0
2123,1.0,1,1,1
2124,1.0,1,1,1
2125,1.0,1,1,1
2126,0.0,0,0,0
2127,0.0,0,0,0
2128,0.0,0,0,0
2129,0.0,0,0,0
2130,1.0,1,1,1
2131,0.0,0,0,0
2132,1.0,1,1,1
2133,1.0,1,1,1
2134,1.0,1,1,1
2135,0.0,0,0,0
2136,0.0,0,0,0
2137,0.0,0,0,0
2138,1.0,1,1,1
2139,1.0,1,1,1
2140,0.0,0,0,0
2141,0.0,0,0,0
2142,1.0,1,1,1
2143,1.0,1,1,1
2144,1.0,1,1,1
2145,1.0,1,1,1
2146,1.0,1,1,1
2147,1.0,1,1,1
2148,0.0,0,0,0
2149,0.0,0,0,0
2150,0.0,0,0,0
2151,0.0,0,0,0
2152,0.0,0,0,0
2153,0.0,0,0,0
2154,0.0,0,0,0
2155,1.0,1,1,1
2156,1.0,1,1,1
2157,1.0,1,1,1
2158,1.0,1,1,1
2159,0.0,0,0,0
2160,0.0,0,0,0
2161,0.0,0,0,0
2162,0.0,0,0,0
2163,0.0,0,0,0
2164,0.0,0,0,0
2165,1.0,1,1,1
2166,0.0,0,0,0
2167,1.0,1,1,1
2168,0.5093751650557229,1,1,0
2169,1.0,1,1,1
2170,0.0,0,0,0
2171,1.0,1,1,1
2172,1.0,1,1,1
2173,1.0,1,1,1
2174,1.0,1,1,1
2175,0.5093751650557229,1,1,0
2176,1.0,1,1,1
2177,1.0,1,1,1
2178,1.0,1,1,1
2179,0.0,0,0,0
2180,0.0,0,0,0
2181,1.0,1,1,1
2182,1.0,1,1,1
2183,1.0,1,1,1
2184,1.0,1,1,1
2185,0.0,0,0,0
2186,1.0,1,1,1
2187,1.0,1,1,1
2188,1.0,1,1,1
2189,1.0,1,1,1
2190,1.0,1,1,1
2191,1.0,1,1,1
2192,0.5093751650557229,1,1,0
2193,0.5093751650557229,1,1,0
2194,0.0,0,0,0
2195,1.0,1,1,1
2196,1.0,1,1,1
2197,0.0,0,0,0
2198,0.0,0,0,0
2199,0.5093751650557229,1,1,0
2200,1.0,1,1,1
2201,1.0,1,1,1
2202,1.0,1,1,1
2203,1.0,1,1,1
2204,0.5093751650557229,1,1,0
2205,0.0,0,0,0
2206,0.0,0,0,0
2207,0.0,0,0,0
2208,1.0,1,1,1
2209,0.0,0,0,0
2210,0.49062483494427717,0,0,1
2211,1.0,1,1,1
2212,1.0,1,1,1
2213,0.0,0,0,0
2214,0.5093751650557229,0,1,0
2215,1.0,1,1,1
2216,0.5093751650557229,1,1,0
2217,1.0,1,1,1
2218,1.0,1,1,1
2219,0.5093751650557229,1,1,0
2220,1.0,1,1,1
2221,1.0,1,1,1
2222,0.5093751650557229,1,1,0
2223,1.0,1,1,1
2224,0.0,0,0,0
2225,1.0,1,1,1
2226,1.0,1,1,1
2227,1.0,1,1,1
2228,0.5093751650557229,1,1,0
2229,0.0,0,0,0
2230,0.0,0,0,0
2231,0.0,0,0,0
2232,0.0,0,0,0
2233,0.0,0,0,0
2234,0.0,0,0,0
2235,0.0,0,0,0
2236,1.0,1,1,1
2237,1.0,1,1,1
2238,1.0,1,1,1
2239,1.0,1,1,1
2240,0.0,0,0,0
2241,1.0,1,1,1
2242,0.0,0,0,0
2243,1.0,1,1,1
2244,1.0,1,1,1
2245,1.0,1,1,1
2246,0.0,0,0,0
2247,0.0,0,0,0
2248,0.0,0,0,0
2249,0.0,0,0,0
2250,0.0,0,0,0
2251,0.0,0,0,0
2252,0.0,0,0,0
2253,0.0,0,0,0
2254,0.0,0,0,0
2255,1.0,1,1,1
2256,1.0,1,1,1
2257,1.0,1,1,1
2258,1.0,1,1,1
2259,0.5093751650557229,1,1,0
2260,0.5093751650557229,1,1,0
2261,0.5093751650557229,1,1,0
2262,0.5093751650557229,1,1,0
2263,0.0,0,0,0
2264,1.0,1,1,1
2265,0.0,0,0,0
2266,1.0,1,1,1
2267,1.0,1,1,1
2268,1.0,1,1,1
2269,0.0,0,0,0
2270,1.0,1,1,1
2271,1.0,1,1,1
2272,1.0,1,1,1
2273,1.0,1,1,1
2274,0.0,0,0,0
2275,1.0,1,1,1
2276,0.0,0,0,0
2277,1.0,1,1,1
2278,1.0,1,1,1
2279,1.0,1,1,1
2280,1.0,1,1,1
2281,0.0,0,0,0
2282,1.0,1,1,1
2283,1.0,1,1,1
2284,1.0,1,1,1
2285,0.0,0,0,0
2286,1.0,1,1,1
2287,0.0,1,0,0
2288,0.5093751650557229,1,1,0
2289,0.0,1,0,0
2290,0.0,0,0,0
2291,0.0,0,0,0
2292,0.0,0,0,0
2293,0.0,0,0,0
2294,1.0,1,1,1
2295,0.0,0,0,0
2296,0.0,0,0,0
2297,0.0,0,0,0
2298,1.0,1,1,1
2299,1.0,1,1,1
2300,0.5093751650557229,1,1,0
2301,0.0,0,0,0
2302,0.0,0,0,0
2303,0.0,0,0,0
2304,0.0,0,0,0
2305,0.0,0,0,0
2306,1.0,1,1,1
2307,1.0,1,1,1
2308,1.0,1,1,1
2309,1.0,1,1,1
2310,1.0,1,1,1
2311,1.0,1,1,1
2312,1.0,1,1,1
2313,1.0,1,1,1
2314,1.0,1,1,1
2315,1.0,1,1,1
2316,1.0,1,1,1
2317,0.5093751650557229,1,1,0
2318,0.0,0,0,0
2319,1.0,1,1,1
2320,1.0,1,1,1
2321,0.5093751650557229,1,1,0
2322,1.0,1,1,1
2323,1.0,1,1,1
2324,1.0,1,1,1
2325,1.0,1,1,1
2326,1.0,1,1,1
2327,0.0,0,0,0
2328,0.0,0,0,0
2329,0.0,0,0,0
2330,1.0,1,1,1
2331,0.0,0,0,0
2332,1.0,1,1,1
2333,1.0,1,1,1
2334,1.0,1,1,1
2335,1.0,1,1,1
2336,1.0,1,1,1
2337,1.0,1,1,1
2338,1.0,1,1,1
2339,1.0,1,1,1
2340,0.0,0,0,0
2341,1.0,1,1,1
2342,1.0,1,1,1
2343,0.5093751650557229,1,1,0
2344,0.0,0,0,0
2345,0.0,0,0,0
2346,0.0,0,0,0
2347,0.0,0,0,0
2348,0.0,0,0,0
2349,0.0,0,0,0
2350,0.0,0,0,0
2351,0.0,0,0,0
2352,0.0,0,0,0
2353,0.0,0,0,0
2354,0.0,0,0,0
2355,0.0,0,0,0
2356,0.0,0,0,0
2357,1.0,1,1,1
2358,1.0,1,1,1
2359,0.5093751650557229,1,1,0
2360,0.5093751650557229,1,1,0
2361,1.0,1,1,1
2362,1.0,1,1,1
2363,0.0,0,0,0
2364,0.0,0,0,0
2365,1.0,1,1,1
2366,1.0,1,1,1
2367,1.0,1,1,1
2368,1.0,1,1,1
2369,1.0,1,1,1
2370,1.0,1,1,1
2371,1.0,1,1,1
2372,1.0,1,1,1
2373,0.0,0,0,0
2374,1.0,1,1,1
2375,1.0,1,1,1
2376,1.0,1,1,1
2377,0.5093751650557229,0,1,0
2378,0.5093751650557229,1,1,0
2379,1.0,1,1,1
2380,1.0,1,1,1
2381,0.5093751650557229,1,1,0
2382,1.0,1,1,1
2383,1.0,1,1,1
2384,1.0,1,1,1
2385,0.5093751650557229,1,1,0
2386,1.0,1,1,1
2387,0.5093751650557229,1,1,0
2388,1.0,1,1,1
2389,1.0,1,1,1
2390,1.0,1,1,1
2391,0.5093751650557229,1,1,0
2392,1.0,1,1,1
2393,0.0,0,0,0
2394,0.0,0,0,0
2395,0.0,0,0,0
2396,0.0,0,0,0
2397,0.0,0,0,0
2398,0.0,0,0,0
2399,0.0,0,0,0
2400,0.0,0,0,0
2401,0.0,0,0,0
2402,0.0,0,0,0
2403,0.0,0,0,0
2404,0.0,0,0,0
2405,0.0,0,0,0
2406,0.0,0,0,0
2407,0.0,0,0,0
2408,0.0,0,0,0
2409,0.0,0,0,0
2410,0.0,0,0,0
2411,0.0,0,0,0
2412,1.0,0,1,1
2413,0.0,0,0,0
2414,0.0,0,0,0
2415,0.0,0,0,0
2416,1.0,1,1,1
2417,1.0,1,1,1
2418,1.0,1,1,1
2419,0.5093751650557229,1,1,0
2420,0.0,0,0,0
2421,1.0,1,1,1
2422,0.0,0,0,0
2423,1.0,1,1,1
2424,0.5093751650557229,1,1,0
2425,1.0,1,1,1
2426,0.0,0,0,0
2427,0.0,0,0,0
2428,0.0,0,0,0
2429,0.0,0,0,0
2430,0.0,0,0,0
